
  [
               
                {
                  "productid": 101,
                  "categoryid": 19,
                  "name": "KK G-707 Gaming mouse",
                  "description": "The G-707 Gaming mouse is a razor-sharp 
                  mouse with 3000 DPI.",
                  "video_url": "https://www.youtube.com/watch?v=3AtDnEC4zak",
                  "price": 7777
                },
                {
                  "productid": 101,
                  "categoryid": 19,
                  "name": "KK G-707 Gaming mouse",
                  "description": "The G-707 Gaming mouse is a razor-sharp 
                  mouse with 3000 DPI.",
                  "video_url": "https://www.youtube.com/watch?v=3AtDnEC4zak",
                  "price": 7777
                }
              ]
  